172.6,-34.3
172.7,-34.3
172.8,-34.3
172.9,-34.3
173.0,-34.3
173.1,-34.3
173.2,-34.3
172.5,-34.4
172.6,-34.4
172.7,-34.4
172.8,-34.4
172.9,-34.4
173.0,-34.4
173.1,-34.4
173.2,-34.4
172.5,-34.5
172.6,-34.5
172.7,-34.5
172.8,-34.5
172.9,-34.5
173.0,-34.5
173.1,-34.5
173.2,-34.5
172.5,-34.6
172.6,-34.6
172.7,-34.6
172.8,-34.6
172.9,-34.6
173.0,-34.6
173.1,-34.6
173.2,-34.6
173.3,-34.6
173.4,-34.6
172.7,-34.7
172.8,-34.7
172.9,-34.7
173.0,-34.7
173.1,-34.7
173.2,-34.7
173.3,-34.7
173.4,-34.7
173.5,-34.7
173.6,-34.7
172.8,-34.8
172.9,-34.8
173.0,-34.8
173.1,-34.8
173.2,-34.8
173.3,-34.8
173.4,-34.8
173.5,-34.8
173.6,-34.8
173.7,-34.8
173.8,-34.8
173.9,-34.8
174.0,-34.8
172.9,-34.9
173.0,-34.9
173.1,-34.9
173.2,-34.9
173.3,-34.9
173.4,-34.9
173.5,-34.9
173.6,-34.9
173.7,-34.9
173.8,-34.9
173.9,-34.9
174.0,-34.9
174.1,-34.9
173.0,-35.0
173.1,-35.0
173.2,-35.0
173.3,-35.0
173.4,-35.0
173.5,-35.0
173.6,-35.0
173.7,-35.0
173.8,-35.0
173.9,-35.0
174.0,-35.0
174.1,-35.0
174.2,-35.0
174.3,-35.0
174.4,-35.0
172.9,-35.1
173.0,-35.1
173.1,-35.1
173.2,-35.1
173.3,-35.1
173.4,-35.1
173.5,-35.1
173.6,-35.1
173.7,-35.1
173.8,-35.1
173.9,-35.1
174.0,-35.1
174.1,-35.1
174.2,-35.1
174.3,-35.1
174.4,-35.1
174.5,-35.1
172.9,-35.2
173.0,-35.2
173.1,-35.2
173.2,-35.2
173.3,-35.2
173.4,-35.2
173.5,-35.2
173.6,-35.2
173.7,-35.2
173.8,-35.2
173.9,-35.2
174.0,-35.2
174.1,-35.2
174.2,-35.2
174.3,-35.2
174.4,-35.2
174.5,-35.2
172.9,-35.3
173.0,-35.3
173.1,-35.3
173.2,-35.3
173.3,-35.3
173.4,-35.3
173.5,-35.3
173.6,-35.3
173.7,-35.3
173.8,-35.3
173.9,-35.3
174.0,-35.3
174.1,-35.3
174.2,-35.3
174.3,-35.3
174.4,-35.3
174.5,-35.3
174.6,-35.3
174.7,-35.3
174.8,-35.3
173.0,-35.4
173.1,-35.4
173.2,-35.4
173.3,-35.4
173.4,-35.4
173.5,-35.4
173.6,-35.4
173.7,-35.4
173.8,-35.4
173.9,-35.4
174.0,-35.4
174.1,-35.4
174.2,-35.4
174.3,-35.4
174.4,-35.4
174.5,-35.4
174.6,-35.4
174.7,-35.4
174.8,-35.4
174.9,-35.4
173.1,-35.5
173.2,-35.5
173.3,-35.5
173.4,-35.5
173.5,-35.5
173.6,-35.5
173.7,-35.5
173.8,-35.5
173.9,-35.5
174.0,-35.5
174.1,-35.5
174.2,-35.5
174.3,-35.5
174.4,-35.5
174.5,-35.5
174.6,-35.5
174.7,-35.5
174.8,-35.5
174.9,-35.5
173.2,-35.6
173.3,-35.6
173.4,-35.6
173.5,-35.6
173.6,-35.6
173.7,-35.6
173.8,-35.6
173.9,-35.6
174.0,-35.6
174.1,-35.6
174.2,-35.6
174.3,-35.6
174.4,-35.6
174.5,-35.6
174.6,-35.6
174.7,-35.6
174.8,-35.6
174.9,-35.6
173.3,-35.7
173.4,-35.7
173.5,-35.7
173.6,-35.7
173.7,-35.7
173.8,-35.7
173.9,-35.7
174.0,-35.7
174.1,-35.7
174.2,-35.7
174.3,-35.7
174.4,-35.7
174.5,-35.7
174.6,-35.7
174.7,-35.7
173.4,-35.8
173.5,-35.8
173.6,-35.8
173.7,-35.8
173.8,-35.8
173.9,-35.8
174.0,-35.8
174.1,-35.8
174.2,-35.8
174.3,-35.8
174.4,-35.8
174.5,-35.8
174.6,-35.8
174.7,-35.8
174.8,-35.8
174.9,-35.8
175.0,-35.8
175.1,-35.8
175.2,-35.8
175.3,-35.8
173.5,-35.9
173.6,-35.9
173.7,-35.9
173.8,-35.9
173.9,-35.9
174.0,-35.9
174.1,-35.9
174.2,-35.9
174.3,-35.9
174.4,-35.9
174.5,-35.9
174.6,-35.9
174.7,-35.9
174.8,-35.9
174.9,-35.9
175.0,-35.9
175.1,-35.9
175.2,-35.9
175.3,-35.9
175.4,-35.9
175.5,-35.9
173.6,-36.0
173.7,-36.0
173.8,-36.0
173.9,-36.0
174.0,-36.0
174.1,-36.0
174.2,-36.0
174.3,-36.0
174.4,-36.0
174.5,-36.0
174.6,-36.0
174.7,-36.0
174.8,-36.0
174.9,-36.0
175.0,-36.0
175.1,-36.0
175.2,-36.0
175.3,-36.0
175.4,-36.0
175.5,-36.0
175.6,-36.0
173.6,-36.1
173.7,-36.1
173.8,-36.1
173.9,-36.1
174.0,-36.1
174.1,-36.1
174.2,-36.1
174.3,-36.1
174.4,-36.1
174.5,-36.1
174.6,-36.1
174.7,-36.1
174.8,-36.1
174.9,-36.1
175.0,-36.1
175.1,-36.1
175.2,-36.1
175.3,-36.1
175.4,-36.1
175.5,-36.1
175.6,-36.1
175.7,-36.1
173.7,-36.2
173.8,-36.2
173.9,-36.2
174.0,-36.2
174.1,-36.2
174.2,-36.2
174.3,-36.2
174.4,-36.2
174.5,-36.2
174.6,-36.2
174.7,-36.2
174.8,-36.2
174.9,-36.2
175.0,-36.2
175.1,-36.2
175.2,-36.2
175.3,-36.2
175.4,-36.2
175.5,-36.2
175.6,-36.2
175.7,-36.2
173.8,-36.3
173.9,-36.3
174.0,-36.3
174.1,-36.3
174.2,-36.3
174.3,-36.3
174.4,-36.3
174.5,-36.3
174.6,-36.3
174.7,-36.3
174.8,-36.3
174.9,-36.3
175.0,-36.3
175.1,-36.3
175.2,-36.3
175.3,-36.3
175.4,-36.3
175.5,-36.3
175.6,-36.3
175.7,-36.3
175.8,-36.3
175.9,-36.3
173.9,-36.4
174.0,-36.4
174.1,-36.4
174.2,-36.4
174.3,-36.4
174.4,-36.4
174.5,-36.4
174.6,-36.4
174.7,-36.4
174.8,-36.4
174.9,-36.4
175.0,-36.4
175.1,-36.4
175.2,-36.4
175.3,-36.4
175.4,-36.4
175.5,-36.4
175.6,-36.4
175.7,-36.4
175.8,-36.4
175.9,-36.4
176.0,-36.4
173.9,-36.5
174.0,-36.5
174.1,-36.5
174.2,-36.5
174.3,-36.5
174.4,-36.5
174.5,-36.5
174.6,-36.5
174.7,-36.5
174.8,-36.5
174.9,-36.5
175.0,-36.5
175.2,-36.5
175.3,-36.5
175.4,-36.5
175.5,-36.5
175.6,-36.5
175.7,-36.5
175.8,-36.5
175.9,-36.5
176.0,-36.5
176.1,-36.5
174.0,-36.6
174.1,-36.6
174.2,-36.6
174.3,-36.6
174.4,-36.6
174.5,-36.6
174.6,-36.6
174.7,-36.6
174.8,-36.6
174.9,-36.6
175.0,-36.6
175.1,-36.6
175.2,-36.6
175.3,-36.6
175.4,-36.6
175.5,-36.6
175.6,-36.6
175.7,-36.6
175.8,-36.6
175.9,-36.6
176.0,-36.6
176.1,-36.6
174.1,-36.7
174.2,-36.7
174.3,-36.7
174.4,-36.7
174.5,-36.7
174.6,-36.7
174.7,-36.7
174.8,-36.7
174.9,-36.7
175.0,-36.7
175.1,-36.7
175.2,-36.7
175.3,-36.7
175.4,-36.7
175.5,-36.7
175.6,-36.7
175.7,-36.7
175.8,-36.7
175.9,-36.7
176.0,-36.7
176.1,-36.7
174.2,-36.8
174.3,-36.8
174.4,-36.8
174.5,-36.8
174.6,-36.8
174.7,-36.8
174.8,-36.8
174.9,-36.8
175.0,-36.8
175.1,-36.8
175.2,-36.8
175.3,-36.8
175.4,-36.8
175.5,-36.8
175.6,-36.8
175.7,-36.8
175.8,-36.8
175.9,-36.8
176.0,-36.8
176.1,-36.8
176.2,-36.8
174.3,-36.9
174.4,-36.9
174.5,-36.9
174.6,-36.9
174.7,-36.9
174.8,-36.9
174.9,-36.9
175.0,-36.9
175.1,-36.9
175.2,-36.9
175.3,-36.9
175.4,-36.9
175.5,-36.9
175.6,-36.9
175.7,-36.9
175.8,-36.9
175.9,-36.9
176.0,-36.9
176.1,-36.9
176.2,-36.9
176.3,-36.9
174.3,-37.0
174.4,-37.0
174.5,-37.0
174.6,-37.0
174.7,-37.0
174.8,-37.0
174.9,-37.0
175.0,-37.0
175.1,-37.0
175.2,-37.0
175.3,-37.0
175.4,-37.0
175.5,-37.0
175.6,-37.0
175.7,-37.0
175.8,-37.0
175.9,-37.0
176.0,-37.0
176.1,-37.0
176.2,-37.0
176.3,-37.0
174.3,-37.1
174.4,-37.1
174.5,-37.1
174.6,-37.1
174.7,-37.1
174.8,-37.1
174.9,-37.1
175.0,-37.1
175.1,-37.1
175.2,-37.1
175.3,-37.1
175.4,-37.1
175.5,-37.1
175.6,-37.1
175.7,-37.1
175.8,-37.1
175.9,-37.1
176.0,-37.1
176.1,-37.1
176.2,-37.1
176.3,-37.1
174.4,-37.2
174.5,-37.2
174.6,-37.2
174.7,-37.2
174.8,-37.2
174.9,-37.2
175.0,-37.2
175.1,-37.2
175.2,-37.2
175.3,-37.2
175.4,-37.2
175.5,-37.2
175.6,-37.2
175.7,-37.2
175.8,-37.2
175.9,-37.2
176.0,-37.2
176.1,-37.2
176.2,-37.2
176.3,-37.2
176.4,-37.2
174.5,-37.3
174.6,-37.3
174.7,-37.3
174.8,-37.3
174.9,-37.3
175.0,-37.3
175.1,-37.3
175.2,-37.3
175.3,-37.3
175.4,-37.3
175.5,-37.3
175.6,-37.3
175.7,-37.3
175.8,-37.3
175.9,-37.3
176.0,-37.3
176.1,-37.3
176.2,-37.3
176.3,-37.3
176.4,-37.3
176.5,-37.3
174.5,-37.4
174.6,-37.4
174.7,-37.4
174.8,-37.4
174.9,-37.4
175.0,-37.4
175.1,-37.4
175.2,-37.4
175.3,-37.4
175.4,-37.4
175.5,-37.4
175.6,-37.4
175.7,-37.4
175.8,-37.4
175.9,-37.4
176.0,-37.4
176.1,-37.4
176.2,-37.4
176.3,-37.4
176.4,-37.4
177.0,-37.4
177.1,-37.4
177.2,-37.4
177.3,-37.4
177.9,-37.4
178.0,-37.4
178.1,-37.4
178.2,-37.4
178.3,-37.4
178.4,-37.4
174.5,-37.5
174.6,-37.5
174.7,-37.5
174.8,-37.5
174.9,-37.5
175.0,-37.5
175.1,-37.5
175.2,-37.5
175.3,-37.5
175.4,-37.5
175.5,-37.5
175.6,-37.5
175.7,-37.5
175.8,-37.5
175.9,-37.5
176.0,-37.5
176.1,-37.5
176.2,-37.5
176.3,-37.5
176.4,-37.5
176.5,-37.5
176.6,-37.5
177.0,-37.5
177.1,-37.5
177.2,-37.5
177.3,-37.5
177.4,-37.5
177.7,-37.5
177.8,-37.5
177.9,-37.5
178.0,-37.5
178.1,-37.5
178.2,-37.5
178.3,-37.5
178.4,-37.5
178.5,-37.5
178.6,-37.5
174.6,-37.6
174.7,-37.6
174.8,-37.6
174.9,-37.6
175.0,-37.6
175.1,-37.6
175.2,-37.6
175.3,-37.6
175.4,-37.6
175.5,-37.6
175.6,-37.6
175.7,-37.6
175.8,-37.6
175.9,-37.6
176.0,-37.6
176.1,-37.6
176.2,-37.6
176.3,-37.6
176.4,-37.6
176.5,-37.6
176.6,-37.6
177.0,-37.6
177.1,-37.6
177.2,-37.6
177.3,-37.6
177.4,-37.6
177.6,-37.6
177.7,-37.6
177.8,-37.6
177.9,-37.6
178.0,-37.6
178.1,-37.6
178.2,-37.6
178.3,-37.6
178.4,-37.6
178.5,-37.6
178.6,-37.6
178.7,-37.6
174.6,-37.7
174.7,-37.7
174.8,-37.7
174.9,-37.7
175.0,-37.7
175.1,-37.7
175.2,-37.7
175.3,-37.7
175.4,-37.7
175.5,-37.7
175.6,-37.7
175.7,-37.7
175.8,-37.7
175.9,-37.7
176.0,-37.7
176.1,-37.7
176.2,-37.7
176.3,-37.7
176.4,-37.7
176.5,-37.7
176.6,-37.7
176.7,-37.7
176.9,-37.7
177.0,-37.7
177.2,-37.7
177.5,-37.7
177.6,-37.7
177.7,-37.7
177.8,-37.7
177.9,-37.7
178.0,-37.7
178.1,-37.7
178.2,-37.7
178.3,-37.7
178.4,-37.7
178.5,-37.7
178.6,-37.7
178.7,-37.7
178.8,-37.7
174.6,-37.8
174.7,-37.8
174.8,-37.8
174.9,-37.8
175.0,-37.8
175.1,-37.8
175.2,-37.8
175.3,-37.8
175.4,-37.8
175.5,-37.8
175.6,-37.8
175.7,-37.8
175.8,-37.8
175.9,-37.8
176.0,-37.8
176.1,-37.8
176.2,-37.8
176.3,-37.8
176.4,-37.8
176.5,-37.8
176.6,-37.8
176.7,-37.8
176.8,-37.8
176.9,-37.8
177.0,-37.8
177.1,-37.8
177.2,-37.8
177.4,-37.8
177.5,-37.8
177.6,-37.8
177.7,-37.8
177.8,-37.8
177.9,-37.8
178.0,-37.8
178.1,-37.8
178.2,-37.8
178.3,-37.8
178.4,-37.8
178.5,-37.8
178.6,-37.8
178.7,-37.8
174.6,-37.9
174.7,-37.9
174.8,-37.9
174.9,-37.9
175.0,-37.9
175.1,-37.9
175.2,-37.9
175.3,-37.9
175.4,-37.9
175.5,-37.9
175.6,-37.9
175.7,-37.9
175.8,-37.9
175.9,-37.9
176.0,-37.9
176.1,-37.9
176.2,-37.9
176.3,-37.9
176.4,-37.9
176.5,-37.9
176.6,-37.9
176.7,-37.9
176.8,-37.9
176.9,-37.9
177.0,-37.9
177.1,-37.9
177.2,-37.9
177.3,-37.9
177.4,-37.9
177.5,-37.9
177.6,-37.9
177.7,-37.9
177.8,-37.9
177.9,-37.9
178.0,-37.9
178.1,-37.9
178.2,-37.9
178.3,-37.9
178.4,-37.9
178.5,-37.9
178.6,-37.9
174.6,-38.0
174.7,-38.0
174.8,-38.0
174.9,-38.0
175.0,-38.0
175.1,-38.0
175.2,-38.0
175.3,-38.0
175.4,-38.0
175.5,-38.0
175.6,-38.0
175.7,-38.0
175.8,-38.0
175.9,-38.0
176.0,-38.0
176.1,-38.0
176.2,-38.0
176.3,-38.0
176.4,-38.0
176.5,-38.0
176.6,-38.0
176.7,-38.0
176.8,-38.0
176.9,-38.0
177.0,-38.0
177.1,-38.0
177.2,-38.0
177.3,-38.0
177.4,-38.0
177.5,-38.0
177.6,-38.0
177.7,-38.0
177.8,-38.0
177.9,-38.0
178.0,-38.0
178.1,-38.0
178.2,-38.0
178.3,-38.0
178.4,-38.0
178.5,-38.0
178.6,-38.0
174.5,-38.1
174.6,-38.1
174.7,-38.1
174.8,-38.1
174.9,-38.1
175.0,-38.1
175.1,-38.1
175.2,-38.1
175.3,-38.1
175.4,-38.1
175.5,-38.1
175.6,-38.1
175.7,-38.1
175.8,-38.1
175.9,-38.1
176.0,-38.1
176.1,-38.1
176.2,-38.1
176.3,-38.1
176.4,-38.1
176.5,-38.1
176.6,-38.1
176.7,-38.1
176.8,-38.1
176.9,-38.1
177.0,-38.1
177.1,-38.1
177.2,-38.1
177.3,-38.1
177.4,-38.1
177.5,-38.1
177.6,-38.1
177.7,-38.1
177.8,-38.1
177.9,-38.1
178.0,-38.1
178.1,-38.1
178.2,-38.1
178.3,-38.1
178.4,-38.1
178.5,-38.1
178.6,-38.1
174.5,-38.2
174.6,-38.2
174.7,-38.2
174.8,-38.2
174.9,-38.2
175.0,-38.2
175.1,-38.2
175.2,-38.2
175.3,-38.2
175.4,-38.2
175.5,-38.2
175.6,-38.2
175.7,-38.2
175.8,-38.2
175.9,-38.2
176.0,-38.2
176.1,-38.2
176.2,-38.2
176.3,-38.2
176.4,-38.2
176.5,-38.2
176.6,-38.2
176.7,-38.2
176.8,-38.2
176.9,-38.2
177.0,-38.2
177.1,-38.2
177.2,-38.2
177.3,-38.2
177.4,-38.2
177.5,-38.2
177.6,-38.2
177.7,-38.2
177.8,-38.2
177.9,-38.2
178.0,-38.2
178.1,-38.2
178.2,-38.2
178.3,-38.2
178.4,-38.2
178.5,-38.2
174.5,-38.3
174.6,-38.3
174.7,-38.3
174.8,-38.3
174.9,-38.3
175.0,-38.3
175.1,-38.3
175.2,-38.3
175.3,-38.3
175.4,-38.3
175.5,-38.3
175.6,-38.3
175.7,-38.3
175.8,-38.3
175.9,-38.3
176.0,-38.3
176.1,-38.3
176.2,-38.3
176.3,-38.3
176.4,-38.3
176.5,-38.3
176.6,-38.3
176.7,-38.3
176.8,-38.3
176.9,-38.3
177.0,-38.3
177.1,-38.3
177.2,-38.3
177.3,-38.3
177.4,-38.3
177.5,-38.3
177.6,-38.3
177.7,-38.3
177.8,-38.3
177.9,-38.3
178.0,-38.3
178.1,-38.3
178.2,-38.3
178.3,-38.3
178.4,-38.3
178.5,-38.3
174.5,-38.4
174.6,-38.4
174.7,-38.4
174.8,-38.4
174.9,-38.4
175.0,-38.4
175.1,-38.4
175.2,-38.4
175.3,-38.4
175.4,-38.4
175.5,-38.4
175.6,-38.4
175.7,-38.4
175.8,-38.4
175.9,-38.4
176.0,-38.4
176.1,-38.4
176.2,-38.4
176.3,-38.4
176.4,-38.4
176.5,-38.4
176.6,-38.4
176.7,-38.4
176.8,-38.4
176.9,-38.4
177.0,-38.4
177.1,-38.4
177.2,-38.4
177.3,-38.4
177.4,-38.4
177.5,-38.4
177.6,-38.4
177.7,-38.4
177.8,-38.4
177.9,-38.4
178.0,-38.4
178.1,-38.4
178.2,-38.4
178.3,-38.4
178.4,-38.4
178.5,-38.4
174.5,-38.5
174.6,-38.5
174.7,-38.5
174.8,-38.5
174.9,-38.5
175.0,-38.5
175.1,-38.5
175.2,-38.5
175.3,-38.5
175.4,-38.5
175.5,-38.5
175.6,-38.5
175.7,-38.5
175.8,-38.5
175.9,-38.5
176.0,-38.5
176.1,-38.5
176.2,-38.5
176.3,-38.5
176.4,-38.5
176.5,-38.5
176.6,-38.5
176.7,-38.5
176.8,-38.5
176.9,-38.5
177.0,-38.5
177.1,-38.5
177.2,-38.5
177.3,-38.5
177.4,-38.5
177.5,-38.5
177.6,-38.5
177.7,-38.5
177.8,-38.5
177.9,-38.5
178.0,-38.5
178.1,-38.5
178.2,-38.5
178.3,-38.5
178.4,-38.5
178.5,-38.5
174.4,-38.6
174.5,-38.6
174.6,-38.6
174.7,-38.6
174.8,-38.6
174.9,-38.6
175.0,-38.6
175.1,-38.6
175.2,-38.6
175.3,-38.6
175.4,-38.6
175.5,-38.6
175.6,-38.6
175.7,-38.6
175.8,-38.6
175.9,-38.6
176.0,-38.6
176.1,-38.6
176.2,-38.6
176.3,-38.6
176.4,-38.6
176.5,-38.6
176.6,-38.6
176.7,-38.6
176.8,-38.6
176.9,-38.6
177.0,-38.6
177.1,-38.6
177.2,-38.6
177.3,-38.6
177.4,-38.6
177.5,-38.6
177.6,-38.6
177.7,-38.6
177.8,-38.6
177.9,-38.6
178.0,-38.6
178.1,-38.6
178.2,-38.6
178.3,-38.6
178.4,-38.6
178.5,-38.6
174.4,-38.7
174.5,-38.7
174.6,-38.7
174.7,-38.7
174.8,-38.7
174.9,-38.7
175.0,-38.7
175.1,-38.7
175.2,-38.7
175.3,-38.7
175.4,-38.7
175.5,-38.7
175.6,-38.7
175.7,-38.7
175.8,-38.7
175.9,-38.7
176.0,-38.7
176.1,-38.7
176.2,-38.7
176.3,-38.7
176.4,-38.7
176.5,-38.7
176.6,-38.7
176.7,-38.7
176.8,-38.7
176.9,-38.7
177.0,-38.7
177.1,-38.7
177.2,-38.7
177.3,-38.7
177.4,-38.7
177.5,-38.7
177.6,-38.7
177.7,-38.7
177.8,-38.7
177.9,-38.7
178.0,-38.7
178.1,-38.7
178.2,-38.7
178.3,-38.7
174.4,-38.8
174.5,-38.8
174.6,-38.8
174.7,-38.8
174.8,-38.8
174.9,-38.8
175.0,-38.8
175.1,-38.8
175.2,-38.8
175.3,-38.8
175.4,-38.8
175.5,-38.8
175.6,-38.8
175.7,-38.8
175.8,-38.8
175.9,-38.8
176.0,-38.8
176.1,-38.8
176.2,-38.8
176.3,-38.8
176.4,-38.8
176.5,-38.8
176.6,-38.8
176.7,-38.8
176.8,-38.8
176.9,-38.8
177.0,-38.8
177.1,-38.8
177.2,-38.8
177.3,-38.8
177.4,-38.8
177.5,-38.8
177.6,-38.8
177.7,-38.8
177.8,-38.8
177.9,-38.8
178.0,-38.8
178.1,-38.8
178.2,-38.8
173.9,-38.9
174.0,-38.9
174.1,-38.9
174.2,-38.9
174.3,-38.9
174.4,-38.9
174.5,-38.9
174.6,-38.9
174.7,-38.9
174.8,-38.9
174.9,-38.9
175.0,-38.9
175.1,-38.9
175.2,-38.9
175.3,-38.9
175.4,-38.9
175.5,-38.9
175.6,-38.9
175.7,-38.9
175.8,-38.9
175.9,-38.9
176.0,-38.9
176.1,-38.9
176.2,-38.9
176.3,-38.9
176.4,-38.9
176.5,-38.9
176.6,-38.9
176.7,-38.9
176.8,-38.9
176.9,-38.9
177.0,-38.9
177.1,-38.9
177.2,-38.9
177.3,-38.9
177.4,-38.9
177.5,-38.9
177.6,-38.9
177.7,-38.9
177.8,-38.9
177.9,-38.9
178.0,-38.9
178.1,-38.9
173.8,-39.0
173.9,-39.0
174.0,-39.0
174.1,-39.0
174.2,-39.0
174.3,-39.0
174.4,-39.0
174.5,-39.0
174.6,-39.0
174.7,-39.0
174.8,-39.0
174.9,-39.0
175.0,-39.0
175.1,-39.0
175.2,-39.0
175.3,-39.0
175.4,-39.0
175.5,-39.0
175.6,-39.0
175.7,-39.0
175.8,-39.0
175.9,-39.0
176.0,-39.0
176.1,-39.0
176.2,-39.0
176.3,-39.0
176.4,-39.0
176.5,-39.0
176.6,-39.0
176.7,-39.0
176.8,-39.0
176.9,-39.0
177.0,-39.0
177.1,-39.0
177.2,-39.0
177.3,-39.0
177.4,-39.0
177.5,-39.0
177.6,-39.0
177.7,-39.0
177.8,-39.0
177.9,-39.0
178.0,-39.0
178.1,-39.0
173.6,-39.1
173.7,-39.1
173.8,-39.1
173.9,-39.1
174.0,-39.1
174.1,-39.1
174.2,-39.1
174.3,-39.1
174.4,-39.1
174.5,-39.1
174.6,-39.1
174.7,-39.1
174.8,-39.1
174.9,-39.1
175.0,-39.1
175.1,-39.1
175.2,-39.1
175.3,-39.1
175.4,-39.1
175.5,-39.1
175.6,-39.1
175.7,-39.1
175.8,-39.1
175.9,-39.1
176.0,-39.1
176.1,-39.1
176.2,-39.1
176.3,-39.1
176.4,-39.1
176.5,-39.1
176.6,-39.1
176.7,-39.1
176.8,-39.1
176.9,-39.1
177.0,-39.1
177.1,-39.1
177.2,-39.1
177.3,-39.1
177.4,-39.1
177.5,-39.1
177.6,-39.1
177.7,-39.1
177.8,-39.1
177.9,-39.1
178.0,-39.1
178.1,-39.1
178.2,-39.1
173.6,-39.2
173.7,-39.2
173.8,-39.2
173.9,-39.2
174.0,-39.2
174.1,-39.2
174.2,-39.2
174.3,-39.2
174.4,-39.2
174.5,-39.2
174.6,-39.2
174.7,-39.2
174.8,-39.2
174.9,-39.2
175.0,-39.2
175.1,-39.2
175.2,-39.2
175.3,-39.2
175.4,-39.2
175.5,-39.2
175.6,-39.2
175.7,-39.2
175.8,-39.2
175.9,-39.2
176.0,-39.2
176.1,-39.2
176.2,-39.2
176.3,-39.2
176.4,-39.2
176.5,-39.2
176.6,-39.2
176.7,-39.2
176.8,-39.2
176.9,-39.2
177.0,-39.2
177.1,-39.2
177.2,-39.2
177.3,-39.2
177.4,-39.2
177.5,-39.2
177.6,-39.2
177.7,-39.2
177.8,-39.2
177.9,-39.2
178.0,-39.2
178.1,-39.2
178.2,-39.2
173.6,-39.3
173.7,-39.3
173.8,-39.3
173.9,-39.3
174.0,-39.3
174.1,-39.3
174.2,-39.3
174.3,-39.3
174.4,-39.3
174.5,-39.3
174.6,-39.3
174.7,-39.3
174.8,-39.3
174.9,-39.3
175.0,-39.3
175.1,-39.3
175.2,-39.3
175.3,-39.3
175.4,-39.3
175.5,-39.3
175.6,-39.3
175.7,-39.3
175.8,-39.3
175.9,-39.3
176.0,-39.3
176.1,-39.3
176.2,-39.3
176.3,-39.3
176.4,-39.3
176.5,-39.3
176.6,-39.3
176.7,-39.3
176.8,-39.3
176.9,-39.3
177.0,-39.3
177.1,-39.3
177.2,-39.3
177.7,-39.3
177.8,-39.3
177.9,-39.3
178.0,-39.3
178.1,-39.3
173.6,-39.4
173.7,-39.4
173.8,-39.4
173.9,-39.4
174.0,-39.4
174.1,-39.4
174.2,-39.4
174.3,-39.4
174.4,-39.4
174.5,-39.4
174.6,-39.4
174.7,-39.4
174.8,-39.4
174.9,-39.4
175.0,-39.4
175.1,-39.4
175.2,-39.4
175.3,-39.4
175.4,-39.4
175.5,-39.4
175.6,-39.4
175.7,-39.4
175.8,-39.4
175.9,-39.4
176.0,-39.4
176.1,-39.4
176.2,-39.4
176.3,-39.4
176.4,-39.4
176.5,-39.4
176.6,-39.4
176.7,-39.4
176.8,-39.4
176.9,-39.4
177.0,-39.4
177.1,-39.4
177.7,-39.4
177.8,-39.4
177.9,-39.4
178.0,-39.4
173.6,-39.5
173.7,-39.5
173.8,-39.5
173.9,-39.5
174.0,-39.5
174.1,-39.5
174.2,-39.5
174.3,-39.5
174.4,-39.5
174.5,-39.5
174.6,-39.5
174.7,-39.5
174.8,-39.5
174.9,-39.5
175.0,-39.5
175.1,-39.5
175.2,-39.5
175.3,-39.5
175.4,-39.5
175.5,-39.5
175.6,-39.5
175.7,-39.5
175.8,-39.5
175.9,-39.5
176.0,-39.5
176.1,-39.5
176.2,-39.5
176.3,-39.5
176.4,-39.5
176.5,-39.5
176.6,-39.5
176.7,-39.5
176.8,-39.5
176.9,-39.5
177.0,-39.5
177.1,-39.5
177.2,-39.5
173.8,-39.6
173.9,-39.6
174.0,-39.6
174.1,-39.6
174.2,-39.6
174.3,-39.6
174.4,-39.6
174.5,-39.6
174.6,-39.6
174.7,-39.6
174.8,-39.6
174.9,-39.6
175.0,-39.6
175.1,-39.6
175.2,-39.6
175.3,-39.6
175.4,-39.6
175.5,-39.6
175.6,-39.6
175.7,-39.6
175.8,-39.6
175.9,-39.6
176.0,-39.6
176.1,-39.6
176.2,-39.6
176.3,-39.6
176.4,-39.6
176.5,-39.6
176.6,-39.6
176.7,-39.6
176.8,-39.6
176.9,-39.6
177.0,-39.6
177.1,-39.6
177.2,-39.6
177.3,-39.6
173.9,-39.7
174.0,-39.7
174.1,-39.7
174.2,-39.7
174.3,-39.7
174.4,-39.7
174.5,-39.7
174.6,-39.7
174.7,-39.7
174.8,-39.7
174.9,-39.7
175.0,-39.7
175.1,-39.7
175.2,-39.7
175.3,-39.7
175.4,-39.7
175.5,-39.7
175.6,-39.7
175.7,-39.7
175.8,-39.7
175.9,-39.7
176.0,-39.7
176.1,-39.7
176.2,-39.7
176.3,-39.7
176.4,-39.7
176.5,-39.7
176.6,-39.7
176.7,-39.7
176.8,-39.7
176.9,-39.7
177.0,-39.7
177.1,-39.7
177.2,-39.7
177.3,-39.7
174.2,-39.8
174.3,-39.8
174.4,-39.8
174.5,-39.8
174.6,-39.8
174.7,-39.8
174.8,-39.8
174.9,-39.8
175.0,-39.8
175.1,-39.8
175.2,-39.8
175.3,-39.8
175.4,-39.8
175.5,-39.8
175.6,-39.8
175.7,-39.8
175.8,-39.8
175.9,-39.8
176.0,-39.8
176.1,-39.8
176.2,-39.8
176.3,-39.8
176.4,-39.8
176.5,-39.8
176.6,-39.8
176.7,-39.8
176.8,-39.8
176.9,-39.8
177.0,-39.8
177.1,-39.8
177.2,-39.8
174.4,-39.9
174.5,-39.9
174.6,-39.9
174.7,-39.9
174.8,-39.9
174.9,-39.9
175.0,-39.9
175.1,-39.9
175.2,-39.9
175.3,-39.9
175.4,-39.9
175.5,-39.9
175.6,-39.9
175.7,-39.9
175.8,-39.9
175.9,-39.9
176.0,-39.9
176.1,-39.9
176.2,-39.9
176.3,-39.9
176.4,-39.9
176.5,-39.9
176.6,-39.9
176.7,-39.9
176.8,-39.9
176.9,-39.9
177.0,-39.9
177.1,-39.9
177.2,-39.9
174.6,-40.0
174.7,-40.0
174.8,-40.0
174.9,-40.0
175.0,-40.0
175.1,-40.0
175.2,-40.0
175.3,-40.0
175.4,-40.0
175.5,-40.0
175.6,-40.0
175.7,-40.0
175.8,-40.0
175.9,-40.0
176.0,-40.0
176.1,-40.0
176.2,-40.0
176.3,-40.0
176.4,-40.0
176.5,-40.0
176.6,-40.0
176.7,-40.0
176.8,-40.0
176.9,-40.0
177.0,-40.0
177.1,-40.0
174.9,-40.1
175.0,-40.1
175.1,-40.1
175.2,-40.1
175.3,-40.1
175.4,-40.1
175.5,-40.1
175.6,-40.1
175.7,-40.1
175.8,-40.1
175.9,-40.1
176.0,-40.1
176.1,-40.1
176.2,-40.1
176.3,-40.1
176.4,-40.1
176.5,-40.1
176.6,-40.1
176.7,-40.1
176.8,-40.1
176.9,-40.1
177.0,-40.1
177.1,-40.1
175.0,-40.2
175.1,-40.2
175.2,-40.2
175.3,-40.2
175.4,-40.2
175.5,-40.2
175.6,-40.2
175.7,-40.2
175.8,-40.2
175.9,-40.2
176.0,-40.2
176.1,-40.2
176.2,-40.2
176.3,-40.2
176.4,-40.2
176.5,-40.2
176.6,-40.2
176.7,-40.2
176.8,-40.2
176.9,-40.2
177.0,-40.2
175.0,-40.3
175.1,-40.3
175.2,-40.3
175.3,-40.3
175.4,-40.3
175.5,-40.3
175.6,-40.3
175.7,-40.3
175.8,-40.3
175.9,-40.3
176.0,-40.3
176.1,-40.3
176.2,-40.3
176.3,-40.3
176.4,-40.3
176.5,-40.3
176.6,-40.3
176.7,-40.3
176.8,-40.3
176.9,-40.3
177.0,-40.3
172.5,-40.4
172.6,-40.4
172.7,-40.4
172.8,-40.4
172.9,-40.4
173.0,-40.4
173.1,-40.4
175.0,-40.4
175.1,-40.4
175.2,-40.4
175.3,-40.4
175.4,-40.4
175.5,-40.4
175.6,-40.4
175.7,-40.4
175.8,-40.4
175.9,-40.4
176.0,-40.4
176.1,-40.4
176.2,-40.4
176.3,-40.4
176.4,-40.4
176.5,-40.4
176.6,-40.4
176.7,-40.4
176.8,-40.4
172.3,-40.5
172.4,-40.5
172.5,-40.5
172.6,-40.5
172.7,-40.5
172.8,-40.5
172.9,-40.5
173.0,-40.5
173.1,-40.5
173.2,-40.5
174.0,-40.5
175.0,-40.5
175.1,-40.5
175.2,-40.5
175.3,-40.5
175.4,-40.5
175.5,-40.5
175.6,-40.5
175.7,-40.5
175.8,-40.5
175.9,-40.5
176.0,-40.5
176.1,-40.5
176.2,-40.5
176.3,-40.5
176.4,-40.5
176.5,-40.5
176.6,-40.5
176.7,-40.5
176.8,-40.5
172.2,-40.6
172.3,-40.6
172.4,-40.6
172.5,-40.6
172.6,-40.6
172.7,-40.6
172.8,-40.6
172.9,-40.6
173.0,-40.6
173.1,-40.6
173.2,-40.6
173.8,-40.6
173.9,-40.6
174.0,-40.6
174.1,-40.6
174.2,-40.6
175.0,-40.6
175.1,-40.6
175.2,-40.6
175.3,-40.6
175.4,-40.6
175.5,-40.6
175.6,-40.6
175.7,-40.6
175.8,-40.6
175.9,-40.6
176.0,-40.6
176.1,-40.6
176.2,-40.6
176.3,-40.6
176.4,-40.6
176.5,-40.6
176.6,-40.6
176.7,-40.6
176.8,-40.6
172.0,-40.7
172.1,-40.7
172.2,-40.7
172.3,-40.7
172.4,-40.7
172.5,-40.7
172.6,-40.7
172.7,-40.7
172.8,-40.7
172.9,-40.7
173.0,-40.7
173.1,-40.7
173.2,-40.7
173.7,-40.7
173.8,-40.7
173.9,-40.7
174.0,-40.7
174.1,-40.7
174.2,-40.7
174.8,-40.7
174.9,-40.7
175.0,-40.7
175.1,-40.7
175.2,-40.7
175.3,-40.7
175.4,-40.7
175.5,-40.7
175.6,-40.7
175.7,-40.7
175.8,-40.7
175.9,-40.7
176.0,-40.7
176.1,-40.7
176.2,-40.7
176.3,-40.7
176.4,-40.7
176.5,-40.7
176.6,-40.7
171.9,-40.8
172.0,-40.8
172.1,-40.8
172.2,-40.8
172.3,-40.8
172.4,-40.8
172.5,-40.8
172.6,-40.8
172.7,-40.8
172.8,-40.8
172.9,-40.8
173.0,-40.8
173.1,-40.8
173.2,-40.8
173.6,-40.8
173.7,-40.8
173.8,-40.8
173.9,-40.8
174.0,-40.8
174.1,-40.8
174.2,-40.8
174.3,-40.8
174.7,-40.8
174.8,-40.8
174.9,-40.8
175.0,-40.8
175.1,-40.8
175.2,-40.8
175.3,-40.8
175.4,-40.8
175.5,-40.8
175.6,-40.8
175.7,-40.8
175.8,-40.8
175.9,-40.8
176.0,-40.8
176.1,-40.8
176.2,-40.8
176.3,-40.8
176.4,-40.8
176.5,-40.8
171.9,-40.9
172.0,-40.9
172.1,-40.9
172.2,-40.9
172.3,-40.9
172.4,-40.9
172.5,-40.9
172.6,-40.9
172.7,-40.9
172.8,-40.9
172.9,-40.9
173.0,-40.9
173.1,-40.9
173.2,-40.9
173.3,-40.9
173.5,-40.9
173.6,-40.9
173.7,-40.9
173.8,-40.9
173.9,-40.9
174.0,-40.9
174.1,-40.9
174.2,-40.9
174.3,-40.9
174.4,-40.9
174.5,-40.9
174.7,-40.9
174.8,-40.9
174.9,-40.9
175.0,-40.9
175.1,-40.9
175.2,-40.9
175.3,-40.9
175.4,-40.9
175.5,-40.9
175.6,-40.9
175.7,-40.9
175.8,-40.9
175.9,-40.9
176.0,-40.9
176.1,-40.9
176.2,-40.9
176.3,-40.9
176.4,-40.9
171.9,-41.0
172.0,-41.0
172.1,-41.0
172.2,-41.0
172.3,-41.0
172.4,-41.0
172.5,-41.0
172.6,-41.0
172.7,-41.0
172.8,-41.0
172.9,-41.0
173.0,-41.0
173.1,-41.0
173.2,-41.0
173.3,-41.0
173.4,-41.0
173.5,-41.0
173.6,-41.0
173.7,-41.0
173.8,-41.0
173.9,-41.0
174.0,-41.0
174.1,-41.0
174.2,-41.0
174.3,-41.0
174.4,-41.0
174.5,-41.0
174.6,-41.0
174.7,-41.0
174.8,-41.0
174.9,-41.0
175.0,-41.0
175.1,-41.0
175.2,-41.0
175.3,-41.0
175.4,-41.0
175.5,-41.0
175.6,-41.0
175.7,-41.0
175.8,-41.0
175.9,-41.0
176.0,-41.0
176.1,-41.0
176.2,-41.0
176.3,-41.0
176.4,-41.0
171.9,-41.1
172.0,-41.1
172.1,-41.1
172.2,-41.1
172.3,-41.1
172.4,-41.1
172.5,-41.1
172.6,-41.1
172.7,-41.1
172.8,-41.1
172.9,-41.1
173.0,-41.1
173.1,-41.1
173.2,-41.1
173.3,-41.1
173.4,-41.1
173.5,-41.1
173.6,-41.1
173.7,-41.1
173.8,-41.1
173.9,-41.1
174.0,-41.1
174.1,-41.1
174.2,-41.1
174.3,-41.1
174.4,-41.1
174.5,-41.1
174.6,-41.1
174.7,-41.1
174.8,-41.1
174.9,-41.1
175.0,-41.1
175.1,-41.1
175.2,-41.1
175.3,-41.1
175.4,-41.1
175.5,-41.1
175.6,-41.1
175.7,-41.1
175.8,-41.1
175.9,-41.1
176.0,-41.1
176.1,-41.1
176.2,-41.1
176.3,-41.1
171.9,-41.2
172.0,-41.2
172.1,-41.2
172.2,-41.2
172.3,-41.2
172.4,-41.2
172.5,-41.2
172.6,-41.2
172.7,-41.2
172.8,-41.2
172.9,-41.2
173.0,-41.2
173.1,-41.2
173.2,-41.2
173.3,-41.2
173.4,-41.2
173.5,-41.2
173.6,-41.2
173.7,-41.2
173.8,-41.2
173.9,-41.2
174.0,-41.2
174.1,-41.2
174.2,-41.2
174.3,-41.2
174.4,-41.2
174.5,-41.2
174.6,-41.2
174.7,-41.2
174.8,-41.2
174.9,-41.2
175.0,-41.2
175.1,-41.2
175.2,-41.2
175.3,-41.2
175.4,-41.2
175.5,-41.2
175.6,-41.2
175.7,-41.2
175.8,-41.2
175.9,-41.2
176.0,-41.2
176.1,-41.2
176.2,-41.2
171.9,-41.3
172.0,-41.3
172.1,-41.3
172.2,-41.3
172.3,-41.3
172.4,-41.3
172.5,-41.3
172.6,-41.3
172.7,-41.3
172.8,-41.3
172.9,-41.3
173.0,-41.3
173.1,-41.3
173.2,-41.3
173.3,-41.3
173.4,-41.3
173.5,-41.3
173.6,-41.3
173.7,-41.3
173.8,-41.3
173.9,-41.3
174.0,-41.3
174.1,-41.3
174.2,-41.3
174.3,-41.3
174.4,-41.3
174.5,-41.3
174.6,-41.3
174.7,-41.3
174.8,-41.3
174.9,-41.3
175.0,-41.3
175.1,-41.3
175.2,-41.3
175.3,-41.3
175.4,-41.3
175.5,-41.3
175.6,-41.3
175.7,-41.3
175.8,-41.3
175.9,-41.3
176.0,-41.3
176.1,-41.3
171.8,-41.4
171.9,-41.4
172.0,-41.4
172.1,-41.4
172.2,-41.4
172.3,-41.4
172.4,-41.4
172.5,-41.4
172.6,-41.4
172.7,-41.4
172.8,-41.4
172.9,-41.4
173.0,-41.4
173.1,-41.4
173.2,-41.4
173.3,-41.4
173.4,-41.4
173.5,-41.4
173.6,-41.4
173.7,-41.4
173.8,-41.4
173.9,-41.4
174.0,-41.4
174.1,-41.4
174.2,-41.4
174.3,-41.4
174.4,-41.4
174.5,-41.4
174.6,-41.4
174.7,-41.4
174.8,-41.4
174.9,-41.4
175.0,-41.4
175.1,-41.4
175.2,-41.4
175.3,-41.4
175.4,-41.4
175.5,-41.4
175.6,-41.4
175.7,-41.4
175.8,-41.4
175.9,-41.4
176.0,-41.4
171.7,-41.5
171.8,-41.5
171.9,-41.5
172.0,-41.5
172.1,-41.5
172.2,-41.5
172.3,-41.5
172.4,-41.5
172.5,-41.5
172.6,-41.5
172.7,-41.5
172.8,-41.5
172.9,-41.5
173.0,-41.5
173.1,-41.5
173.2,-41.5
173.3,-41.5
173.4,-41.5
173.5,-41.5
173.6,-41.5
173.7,-41.5
173.8,-41.5
173.9,-41.5
174.0,-41.5
174.1,-41.5
174.2,-41.5
174.3,-41.5
174.6,-41.5
174.7,-41.5
174.8,-41.5
174.9,-41.5
175.0,-41.5
175.1,-41.5
175.2,-41.5
175.3,-41.5
175.4,-41.5
175.5,-41.5
175.6,-41.5
175.7,-41.5
175.8,-41.5
175.9,-41.5
171.4,-41.6
171.5,-41.6
171.6,-41.6
171.7,-41.6
171.8,-41.6
171.9,-41.6
172.0,-41.6
172.1,-41.6
172.2,-41.6
172.3,-41.6
172.4,-41.6
172.5,-41.6
172.6,-41.6
172.7,-41.6
172.8,-41.6
172.9,-41.6
173.0,-41.6
173.1,-41.6
173.2,-41.6
173.3,-41.6
173.4,-41.6
173.5,-41.6
173.6,-41.6
173.7,-41.6
173.8,-41.6
173.9,-41.6
174.0,-41.6
174.1,-41.6
174.2,-41.6
174.3,-41.6
174.4,-41.6
174.9,-41.6
175.0,-41.6
175.1,-41.6
175.2,-41.6
175.3,-41.6
175.4,-41.6
175.5,-41.6
175.6,-41.6
175.7,-41.6
171.3,-41.7
171.4,-41.7
171.5,-41.7
171.6,-41.7
171.7,-41.7
171.8,-41.7
171.9,-41.7
172.0,-41.7
172.1,-41.7
172.2,-41.7
172.3,-41.7
172.4,-41.7
172.5,-41.7
172.6,-41.7
172.7,-41.7
172.8,-41.7
172.9,-41.7
173.0,-41.7
173.1,-41.7
173.2,-41.7
173.3,-41.7
173.4,-41.7
173.5,-41.7
173.6,-41.7
173.7,-41.7
173.8,-41.7
173.9,-41.7
174.0,-41.7
174.1,-41.7
174.2,-41.7
174.3,-41.7
174.4,-41.7
174.5,-41.7
175.1,-41.7
175.2,-41.7
175.3,-41.7
175.4,-41.7
175.5,-41.7
175.6,-41.7
171.3,-41.8
171.4,-41.8
171.5,-41.8
171.6,-41.8
171.7,-41.8
171.8,-41.8
171.9,-41.8
172.0,-41.8
172.1,-41.8
172.2,-41.8
172.3,-41.8
172.4,-41.8
172.5,-41.8
172.6,-41.8
172.7,-41.8
172.8,-41.8
172.9,-41.8
173.0,-41.8
173.1,-41.8
173.2,-41.8
173.3,-41.8
173.4,-41.8
173.5,-41.8
173.6,-41.8
173.7,-41.8
173.8,-41.8
173.9,-41.8
174.0,-41.8
174.1,-41.8
174.2,-41.8
174.3,-41.8
174.4,-41.8
174.5,-41.8
171.2,-41.9
171.3,-41.9
171.4,-41.9
171.5,-41.9
171.6,-41.9
171.7,-41.9
171.8,-41.9
171.9,-41.9
172.0,-41.9
172.1,-41.9
172.2,-41.9
172.3,-41.9
172.4,-41.9
172.5,-41.9
172.6,-41.9
172.7,-41.9
172.8,-41.9
172.9,-41.9
173.0,-41.9
173.1,-41.9
173.2,-41.9
173.3,-41.9
173.4,-41.9
173.5,-41.9
173.6,-41.9
173.7,-41.9
173.8,-41.9
173.9,-41.9
174.0,-41.9
174.1,-41.9
174.2,-41.9
174.3,-41.9
174.4,-41.9
171.2,-42.0
171.3,-42.0
171.4,-42.0
171.5,-42.0
171.6,-42.0
171.7,-42.0
171.8,-42.0
171.9,-42.0
172.0,-42.0
172.1,-42.0
172.2,-42.0
172.3,-42.0
172.4,-42.0
172.5,-42.0
172.6,-42.0
172.7,-42.0
172.8,-42.0
172.9,-42.0
173.0,-42.0
173.1,-42.0
173.2,-42.0
173.3,-42.0
173.4,-42.0
173.5,-42.0
173.6,-42.0
173.7,-42.0
173.8,-42.0
173.9,-42.0
174.0,-42.0
174.1,-42.0
174.2,-42.0
174.3,-42.0
171.1,-42.1
171.2,-42.1
171.3,-42.1
171.4,-42.1
171.5,-42.1
171.6,-42.1
171.7,-42.1
171.8,-42.1
171.9,-42.1
172.0,-42.1
172.1,-42.1
172.2,-42.1
172.3,-42.1
172.4,-42.1
172.5,-42.1
172.6,-42.1
172.7,-42.1
172.8,-42.1
172.9,-42.1
173.0,-42.1
173.1,-42.1
173.2,-42.1
173.3,-42.1
173.4,-42.1
173.5,-42.1
173.6,-42.1
173.7,-42.1
173.8,-42.1
173.9,-42.1
174.0,-42.1
174.1,-42.1
174.2,-42.1
171.1,-42.2
171.2,-42.2
171.3,-42.2
171.4,-42.2
171.5,-42.2
171.6,-42.2
171.7,-42.2
171.8,-42.2
171.9,-42.2
172.0,-42.2
172.1,-42.2
172.2,-42.2
172.3,-42.2
172.4,-42.2
172.5,-42.2
172.6,-42.2
172.7,-42.2
172.8,-42.2
172.9,-42.2
173.0,-42.2
173.1,-42.2
173.2,-42.2
173.3,-42.2
173.4,-42.2
173.5,-42.2
173.6,-42.2
173.7,-42.2
173.8,-42.2
173.9,-42.2
174.0,-42.2
174.1,-42.2
171.1,-42.3
171.2,-42.3
171.3,-42.3
171.4,-42.3
171.5,-42.3
171.6,-42.3
171.7,-42.3
171.8,-42.3
171.9,-42.3
172.0,-42.3
172.1,-42.3
172.2,-42.3
172.3,-42.3
172.4,-42.3
172.5,-42.3
172.6,-42.3
172.7,-42.3
172.8,-42.3
172.9,-42.3
173.0,-42.3
173.1,-42.3
173.2,-42.3
173.3,-42.3
173.4,-42.3
173.5,-42.3
173.6,-42.3
173.7,-42.3
173.8,-42.3
173.9,-42.3
174.0,-42.3
171.0,-42.4
171.1,-42.4
171.2,-42.4
171.3,-42.4
171.4,-42.4
171.5,-42.4
171.6,-42.4
171.7,-42.4
171.8,-42.4
171.9,-42.4
172.0,-42.4
172.1,-42.4
172.2,-42.4
172.3,-42.4
172.4,-42.4
172.5,-42.4
172.6,-42.4
172.7,-42.4
172.8,-42.4
172.9,-42.4
173.0,-42.4
173.1,-42.4
173.2,-42.4
173.3,-42.4
173.4,-42.4
173.5,-42.4
173.6,-42.4
173.7,-42.4
173.8,-42.4
173.9,-42.4
170.9,-42.5
171.0,-42.5
171.1,-42.5
171.2,-42.5
171.3,-42.5
171.4,-42.5
171.5,-42.5
171.6,-42.5
171.7,-42.5
171.8,-42.5
171.9,-42.5
172.0,-42.5
172.1,-42.5
172.2,-42.5
172.3,-42.5
172.4,-42.5
172.5,-42.5
172.6,-42.5
172.7,-42.5
172.8,-42.5
172.9,-42.5
173.0,-42.5
173.1,-42.5
173.2,-42.5
173.3,-42.5
173.4,-42.5
173.5,-42.5
173.6,-42.5
173.7,-42.5
173.8,-42.5
173.9,-42.5
170.8,-42.6
170.9,-42.6
171.0,-42.6
171.1,-42.6
171.2,-42.6
171.3,-42.6
171.4,-42.6
171.5,-42.6
171.6,-42.6
171.7,-42.6
171.8,-42.6
171.9,-42.6
172.0,-42.6
172.1,-42.6
172.2,-42.6
172.3,-42.6
172.4,-42.6
172.5,-42.6
172.6,-42.6
172.7,-42.6
172.8,-42.6
172.9,-42.6
173.0,-42.6
173.1,-42.6
173.2,-42.6
173.3,-42.6
173.4,-42.6
173.5,-42.6
173.6,-42.6
173.7,-42.6
170.7,-42.7
170.8,-42.7
170.9,-42.7
171.0,-42.7
171.1,-42.7
171.2,-42.7
171.3,-42.7
171.4,-42.7
171.5,-42.7
171.6,-42.7
171.7,-42.7
171.8,-42.7
171.9,-42.7
172.0,-42.7
172.1,-42.7
172.2,-42.7
172.3,-42.7
172.4,-42.7
172.5,-42.7
172.6,-42.7
172.7,-42.7
172.8,-42.7
172.9,-42.7
173.0,-42.7
173.1,-42.7
173.2,-42.7
173.3,-42.7
173.4,-42.7
173.5,-42.7
173.6,-42.7
170.6,-42.8
170.7,-42.8
170.8,-42.8
170.9,-42.8
171.0,-42.8
171.1,-42.8
171.2,-42.8
171.3,-42.8
171.4,-42.8
171.5,-42.8
171.6,-42.8
171.7,-42.8
171.8,-42.8
171.9,-42.8
172.0,-42.8
172.1,-42.8
172.2,-42.8
172.3,-42.8
172.4,-42.8
172.5,-42.8
172.6,-42.8
172.7,-42.8
172.8,-42.8
172.9,-42.8
173.0,-42.8
173.1,-42.8
173.2,-42.8
173.3,-42.8
173.4,-42.8
173.5,-42.8
173.6,-42.8
170.3,-42.9
170.4,-42.9
170.5,-42.9
170.6,-42.9
170.7,-42.9
170.8,-42.9
170.9,-42.9
171.0,-42.9
171.1,-42.9
171.2,-42.9
171.3,-42.9
171.4,-42.9
171.5,-42.9
171.6,-42.9
171.7,-42.9
171.8,-42.9
171.9,-42.9
172.0,-42.9
172.1,-42.9
172.2,-42.9
172.3,-42.9
172.4,-42.9
172.5,-42.9
172.6,-42.9
172.7,-42.9
172.8,-42.9
172.9,-42.9
173.0,-42.9
173.1,-42.9
173.2,-42.9
173.3,-42.9
173.4,-42.9
173.5,-42.9
170.1,-43.0
170.2,-43.0
170.3,-43.0
170.4,-43.0
170.5,-43.0
170.6,-43.0
170.7,-43.0
170.8,-43.0
170.9,-43.0
171.0,-43.0
171.1,-43.0
171.2,-43.0
171.3,-43.0
171.4,-43.0
171.5,-43.0
171.6,-43.0
171.7,-43.0
171.8,-43.0
171.9,-43.0
172.0,-43.0
172.1,-43.0
172.2,-43.0
172.3,-43.0
172.4,-43.0
172.5,-43.0
172.6,-43.0
172.7,-43.0
172.8,-43.0
172.9,-43.0
173.0,-43.0
173.1,-43.0
173.2,-43.0
173.3,-43.0
173.4,-43.0
173.5,-43.0
170.0,-43.1
170.1,-43.1
170.2,-43.1
170.3,-43.1
170.4,-43.1
170.5,-43.1
170.6,-43.1
170.7,-43.1
170.8,-43.1
170.9,-43.1
171.0,-43.1
171.1,-43.1
171.2,-43.1
171.3,-43.1
171.4,-43.1
171.5,-43.1
171.6,-43.1
171.7,-43.1
171.8,-43.1
171.9,-43.1
172.0,-43.1
172.1,-43.1
172.2,-43.1
172.3,-43.1
172.4,-43.1
172.5,-43.1
172.6,-43.1
172.7,-43.1
172.8,-43.1
172.9,-43.1
173.0,-43.1
173.1,-43.1
173.2,-43.1
173.3,-43.1
169.9,-43.2
170.0,-43.2
170.1,-43.2
170.2,-43.2
170.3,-43.2
170.4,-43.2
170.5,-43.2
170.6,-43.2
170.7,-43.2
170.8,-43.2
170.9,-43.2
171.0,-43.2
171.1,-43.2
171.2,-43.2
171.3,-43.2
171.4,-43.2
171.5,-43.2
171.6,-43.2
171.7,-43.2
171.8,-43.2
171.9,-43.2
172.0,-43.2
172.1,-43.2
172.2,-43.2
172.3,-43.2
172.4,-43.2
172.5,-43.2
172.6,-43.2
172.7,-43.2
172.8,-43.2
172.9,-43.2
173.0,-43.2
173.1,-43.2
173.2,-43.2
169.7,-43.3
169.8,-43.3
169.9,-43.3
170.0,-43.3
170.1,-43.3
170.2,-43.3
170.3,-43.3
170.4,-43.3
170.5,-43.3
170.6,-43.3
170.7,-43.3
170.8,-43.3
170.9,-43.3
171.0,-43.3
171.1,-43.3
171.2,-43.3
171.3,-43.3
171.4,-43.3
171.5,-43.3
171.6,-43.3
171.7,-43.3
171.8,-43.3
171.9,-43.3
172.0,-43.3
172.1,-43.3
172.2,-43.3
172.3,-43.3
172.4,-43.3
172.5,-43.3
172.6,-43.3
172.7,-43.3
172.8,-43.3
172.9,-43.3
169.6,-43.4
169.7,-43.4
169.8,-43.4
169.9,-43.4
170.0,-43.4
170.1,-43.4
170.2,-43.4
170.3,-43.4
170.4,-43.4
170.5,-43.4
170.6,-43.4
170.7,-43.4
170.8,-43.4
170.9,-43.4
171.0,-43.4
171.1,-43.4
171.2,-43.4
171.3,-43.4
171.4,-43.4
171.5,-43.4
171.6,-43.4
171.7,-43.4
171.8,-43.4
171.9,-43.4
172.0,-43.4
172.1,-43.4
172.2,-43.4
172.3,-43.4
172.4,-43.4
172.5,-43.4
172.6,-43.4
172.7,-43.4
172.8,-43.4
172.9,-43.4
169.3,-43.5
169.4,-43.5
169.5,-43.5
169.6,-43.5
169.7,-43.5
169.8,-43.5
169.9,-43.5
170.0,-43.5
170.1,-43.5
170.2,-43.5
170.3,-43.5
170.4,-43.5
170.5,-43.5
170.6,-43.5
170.7,-43.5
170.8,-43.5
170.9,-43.5
171.0,-43.5
171.1,-43.5
171.2,-43.5
171.3,-43.5
171.4,-43.5
171.5,-43.5
171.6,-43.5
171.7,-43.5
171.8,-43.5
171.9,-43.5
172.0,-43.5
172.1,-43.5
172.2,-43.5
172.3,-43.5
172.4,-43.5
172.5,-43.5
172.6,-43.5
172.7,-43.5
172.8,-43.5
172.9,-43.5
173.0,-43.5
173.1,-43.5
169.1,-43.6
169.2,-43.6
169.3,-43.6
169.4,-43.6
169.5,-43.6
169.6,-43.6
169.7,-43.6
169.8,-43.6
169.9,-43.6
170.0,-43.6
170.1,-43.6
170.2,-43.6
170.3,-43.6
170.4,-43.6
170.5,-43.6
170.6,-43.6
170.7,-43.6
170.8,-43.6
170.9,-43.6
171.0,-43.6
171.1,-43.6
171.2,-43.6
171.3,-43.6
171.4,-43.6
171.5,-43.6
171.6,-43.6
171.7,-43.6
171.8,-43.6
171.9,-43.6
172.0,-43.6
172.1,-43.6
172.2,-43.6
172.3,-43.6
172.4,-43.6
172.5,-43.6
172.6,-43.6
172.7,-43.6
172.8,-43.6
172.9,-43.6
173.0,-43.6
173.1,-43.6
173.2,-43.6
173.3,-43.6
168.8,-43.7
168.9,-43.7
169.0,-43.7
169.1,-43.7
169.2,-43.7
169.3,-43.7
169.4,-43.7
169.5,-43.7
169.6,-43.7
169.7,-43.7
169.8,-43.7
169.9,-43.7
170.0,-43.7
170.1,-43.7
170.2,-43.7
170.3,-43.7
170.4,-43.7
170.5,-43.7
170.6,-43.7
170.7,-43.7
170.8,-43.7
170.9,-43.7
171.0,-43.7
171.1,-43.7
171.2,-43.7
171.3,-43.7
171.4,-43.7
171.5,-43.7
171.6,-43.7
171.7,-43.7
171.8,-43.7
171.9,-43.7
172.0,-43.7
172.1,-43.7
172.2,-43.7
172.3,-43.7
172.4,-43.7
172.5,-43.7
172.6,-43.7
172.7,-43.7
172.8,-43.7
172.9,-43.7
173.0,-43.7
173.1,-43.7
173.2,-43.7
173.3,-43.7
168.5,-43.8
168.6,-43.8
168.7,-43.8
168.8,-43.8
168.9,-43.8
169.0,-43.8
169.1,-43.8
169.2,-43.8
169.3,-43.8
169.4,-43.8
169.5,-43.8
169.6,-43.8
169.7,-43.8
169.8,-43.8
169.9,-43.8
170.0,-43.8
170.1,-43.8
170.2,-43.8
170.3,-43.8
170.4,-43.8
170.5,-43.8
170.6,-43.8
170.7,-43.8
170.8,-43.8
170.9,-43.8
171.0,-43.8
171.1,-43.8
171.2,-43.8
171.3,-43.8
171.4,-43.8
171.5,-43.8
171.6,-43.8
171.7,-43.8
171.8,-43.8
171.9,-43.8
172.0,-43.8
172.1,-43.8
172.2,-43.8
172.3,-43.8
172.4,-43.8
172.5,-43.8
172.6,-43.8
172.7,-43.8
172.8,-43.8
172.9,-43.8
173.0,-43.8
173.1,-43.8
173.2,-43.8
173.3,-43.8
168.2,-43.9
168.3,-43.9
168.4,-43.9
168.5,-43.9
168.6,-43.9
168.7,-43.9
168.8,-43.9
168.9,-43.9
169.0,-43.9
169.1,-43.9
169.2,-43.9
169.3,-43.9
169.4,-43.9
169.5,-43.9
169.6,-43.9
169.7,-43.9
169.8,-43.9
169.9,-43.9
170.0,-43.9
170.1,-43.9
170.2,-43.9
170.3,-43.9
170.4,-43.9
170.5,-43.9
170.6,-43.9
170.7,-43.9
170.8,-43.9
170.9,-43.9
171.0,-43.9
171.1,-43.9
171.2,-43.9
171.3,-43.9
171.4,-43.9
171.5,-43.9
171.6,-43.9
171.7,-43.9
171.8,-43.9
171.9,-43.9
172.0,-43.9
172.1,-43.9
172.2,-43.9
172.3,-43.9
172.4,-43.9
172.5,-43.9
172.6,-43.9
172.7,-43.9
172.8,-43.9
172.9,-43.9
173.0,-43.9
173.1,-43.9
173.2,-43.9
173.3,-43.9
168.1,-44.0
168.2,-44.0
168.3,-44.0
168.4,-44.0
168.5,-44.0
168.6,-44.0
168.7,-44.0
168.8,-44.0
168.9,-44.0
169.0,-44.0
169.1,-44.0
169.2,-44.0
169.3,-44.0
169.4,-44.0
169.5,-44.0
169.6,-44.0
169.7,-44.0
169.8,-44.0
169.9,-44.0
170.0,-44.0
170.1,-44.0
170.2,-44.0
170.3,-44.0
170.4,-44.0
170.5,-44.0
170.6,-44.0
170.7,-44.0
170.8,-44.0
170.9,-44.0
171.0,-44.0
171.1,-44.0
171.2,-44.0
171.3,-44.0
171.4,-44.0
171.5,-44.0
171.6,-44.0
171.7,-44.0
171.8,-44.0
171.9,-44.0
172.0,-44.0
172.1,-44.0
172.2,-44.0
172.3,-44.0
172.4,-44.0
172.5,-44.0
172.6,-44.0
172.7,-44.0
172.8,-44.0
172.9,-44.0
173.0,-44.0
173.1,-44.0
173.2,-44.0
168.0,-44.1
168.1,-44.1
168.2,-44.1
168.3,-44.1
168.4,-44.1
168.5,-44.1
168.6,-44.1
168.7,-44.1
168.8,-44.1
168.9,-44.1
169.0,-44.1
169.1,-44.1
169.2,-44.1
169.3,-44.1
169.4,-44.1
169.5,-44.1
169.6,-44.1
169.7,-44.1
169.8,-44.1
169.9,-44.1
170.0,-44.1
170.1,-44.1
170.2,-44.1
170.3,-44.1
170.4,-44.1
170.5,-44.1
170.6,-44.1
170.7,-44.1
170.8,-44.1
170.9,-44.1
171.0,-44.1
171.1,-44.1
171.2,-44.1
171.3,-44.1
171.4,-44.1
171.5,-44.1
171.6,-44.1
171.7,-44.1
171.8,-44.1
171.9,-44.1
172.0,-44.1
172.1,-44.1
167.9,-44.2
168.0,-44.2
168.1,-44.2
168.2,-44.2
168.3,-44.2
168.4,-44.2
168.5,-44.2
168.6,-44.2
168.7,-44.2
168.8,-44.2
168.9,-44.2
169.0,-44.2
169.1,-44.2
169.2,-44.2
169.3,-44.2
169.4,-44.2
169.5,-44.2
169.6,-44.2
169.7,-44.2
169.8,-44.2
169.9,-44.2
170.0,-44.2
170.1,-44.2
170.2,-44.2
170.3,-44.2
170.4,-44.2
170.5,-44.2
170.6,-44.2
170.7,-44.2
170.8,-44.2
170.9,-44.2
171.0,-44.2
171.1,-44.2
171.2,-44.2
171.3,-44.2
171.4,-44.2
171.5,-44.2
171.6,-44.2
171.7,-44.2
171.8,-44.2
171.9,-44.2
167.8,-44.3
167.9,-44.3
168.0,-44.3
168.1,-44.3
168.2,-44.3
168.3,-44.3
168.4,-44.3
168.5,-44.3
168.6,-44.3
168.7,-44.3
168.8,-44.3
168.9,-44.3
169.0,-44.3
169.1,-44.3
169.2,-44.3
169.3,-44.3
169.4,-44.3
169.5,-44.3
169.6,-44.3
169.7,-44.3
169.8,-44.3
169.9,-44.3
170.0,-44.3
170.1,-44.3
170.2,-44.3
170.3,-44.3
170.4,-44.3
170.5,-44.3
170.6,-44.3
170.7,-44.3
170.8,-44.3
170.9,-44.3
171.0,-44.3
171.1,-44.3
171.2,-44.3
171.3,-44.3
171.4,-44.3
171.5,-44.3
171.6,-44.3
171.7,-44.3
167.7,-44.4
167.8,-44.4
167.9,-44.4
168.0,-44.4
168.1,-44.4
168.2,-44.4
168.3,-44.4
168.4,-44.4
168.5,-44.4
168.6,-44.4
168.7,-44.4
168.8,-44.4
168.9,-44.4
169.0,-44.4
169.1,-44.4
169.2,-44.4
169.3,-44.4
169.4,-44.4
169.5,-44.4
169.6,-44.4
169.7,-44.4
169.8,-44.4
169.9,-44.4
170.0,-44.4
170.1,-44.4
170.2,-44.4
170.3,-44.4
170.4,-44.4
170.5,-44.4
170.6,-44.4
170.7,-44.4
170.8,-44.4
170.9,-44.4
171.0,-44.4
171.1,-44.4
171.2,-44.4
171.3,-44.4
171.4,-44.4
171.5,-44.4
167.5,-44.5
167.6,-44.5
167.7,-44.5
167.8,-44.5
167.9,-44.5
168.0,-44.5
168.1,-44.5
168.2,-44.5
168.3,-44.5
168.4,-44.5
168.5,-44.5
168.6,-44.5
168.7,-44.5
168.8,-44.5
168.9,-44.5
169.0,-44.5
169.1,-44.5
169.2,-44.5
169.3,-44.5
169.4,-44.5
169.5,-44.5
169.6,-44.5
169.7,-44.5
169.8,-44.5
169.9,-44.5
170.0,-44.5
170.1,-44.5
170.2,-44.5
170.3,-44.5
170.4,-44.5
170.5,-44.5
170.6,-44.5
170.7,-44.5
170.8,-44.5
170.9,-44.5
171.0,-44.5
171.1,-44.5
171.2,-44.5
171.3,-44.5
171.4,-44.5
167.4,-44.6
167.5,-44.6
167.6,-44.6
167.7,-44.6
167.8,-44.6
167.9,-44.6
168.0,-44.6
168.1,-44.6
168.2,-44.6
168.3,-44.6
168.4,-44.6
168.5,-44.6
168.6,-44.6
168.7,-44.6
168.8,-44.6
168.9,-44.6
169.0,-44.6
169.1,-44.6
169.2,-44.6
169.3,-44.6
169.4,-44.6
169.5,-44.6
169.6,-44.6
169.7,-44.6
169.8,-44.6
169.9,-44.6
170.0,-44.6
170.1,-44.6
170.2,-44.6
170.3,-44.6
170.4,-44.6
170.5,-44.6
170.6,-44.6
170.7,-44.6
170.8,-44.6
170.9,-44.6
171.0,-44.6
171.1,-44.6
171.2,-44.6
171.3,-44.6
171.4,-44.6
167.2,-44.7
167.3,-44.7
167.4,-44.7
167.5,-44.7
167.6,-44.7
167.7,-44.7
167.8,-44.7
167.9,-44.7
168.0,-44.7
168.1,-44.7
168.2,-44.7
168.3,-44.7
168.4,-44.7
168.5,-44.7
168.6,-44.7
168.7,-44.7
168.8,-44.7
168.9,-44.7
169.0,-44.7
169.1,-44.7
169.2,-44.7
169.3,-44.7
169.4,-44.7
169.5,-44.7
169.6,-44.7
169.7,-44.7
169.8,-44.7
169.9,-44.7
170.0,-44.7
170.1,-44.7
170.2,-44.7
170.3,-44.7
170.4,-44.7
170.5,-44.7
170.6,-44.7
170.7,-44.7
170.8,-44.7
170.9,-44.7
171.0,-44.7
171.1,-44.7
171.2,-44.7
171.3,-44.7
171.4,-44.7
167.1,-44.8
167.2,-44.8
167.3,-44.8
167.4,-44.8
167.5,-44.8
167.6,-44.8
167.7,-44.8
167.8,-44.8
167.9,-44.8
168.0,-44.8
168.1,-44.8
168.2,-44.8
168.3,-44.8
168.4,-44.8
168.5,-44.8
168.6,-44.8
168.7,-44.8
168.8,-44.8
168.9,-44.8
169.0,-44.8
169.1,-44.8
169.2,-44.8
169.3,-44.8
169.4,-44.8
169.5,-44.8
169.6,-44.8
169.7,-44.8
169.8,-44.8
169.9,-44.8
170.0,-44.8
170.1,-44.8
170.2,-44.8
170.3,-44.8
170.4,-44.8
170.5,-44.8
170.6,-44.8
170.7,-44.8
170.8,-44.8
170.9,-44.8
171.0,-44.8
171.1,-44.8
171.2,-44.8
171.3,-44.8
171.4,-44.8
167.0,-44.9
167.1,-44.9
167.2,-44.9
167.3,-44.9
167.4,-44.9
167.5,-44.9
167.6,-44.9
167.7,-44.9
167.8,-44.9
167.9,-44.9
168.0,-44.9
168.1,-44.9
168.2,-44.9
168.3,-44.9
168.4,-44.9
168.5,-44.9
168.6,-44.9
168.7,-44.9
168.8,-44.9
168.9,-44.9
169.0,-44.9
169.1,-44.9
169.2,-44.9
169.3,-44.9
169.4,-44.9
169.5,-44.9
169.6,-44.9
169.7,-44.9
169.8,-44.9
169.9,-44.9
170.0,-44.9
170.1,-44.9
170.2,-44.9
170.3,-44.9
170.4,-44.9
170.5,-44.9
170.6,-44.9
170.7,-44.9
170.8,-44.9
170.9,-44.9
171.0,-44.9
171.1,-44.9
171.2,-44.9
171.3,-44.9
171.4,-44.9
166.9,-45.0
167.0,-45.0
167.1,-45.0
167.2,-45.0
167.3,-45.0
167.4,-45.0
167.5,-45.0
167.6,-45.0
167.7,-45.0
167.8,-45.0
167.9,-45.0
168.0,-45.0
168.1,-45.0
168.2,-45.0
168.3,-45.0
168.4,-45.0
168.5,-45.0
168.6,-45.0
168.7,-45.0
168.8,-45.0
168.9,-45.0
169.0,-45.0
169.1,-45.0
169.2,-45.0
169.3,-45.0
169.4,-45.0
169.5,-45.0
169.6,-45.0
169.7,-45.0
169.8,-45.0
169.9,-45.0
170.0,-45.0
170.1,-45.0
170.2,-45.0
170.3,-45.0
170.4,-45.0
170.5,-45.0
170.6,-45.0
170.7,-45.0
170.8,-45.0
170.9,-45.0
171.0,-45.0
171.1,-45.0
171.2,-45.0
171.3,-45.0
166.7,-45.1
166.8,-45.1
166.9,-45.1
167.0,-45.1
167.1,-45.1
167.2,-45.1
167.3,-45.1
167.4,-45.1
167.5,-45.1
167.6,-45.1
167.7,-45.1
167.8,-45.1
167.9,-45.1
168.0,-45.1
168.1,-45.1
168.2,-45.1
168.3,-45.1
168.4,-45.1
168.5,-45.1
168.6,-45.1
168.7,-45.1
168.8,-45.1
168.9,-45.1
169.0,-45.1
169.1,-45.1
169.2,-45.1
169.3,-45.1
169.4,-45.1
169.5,-45.1
169.6,-45.1
169.7,-45.1
169.8,-45.1
169.9,-45.1
170.0,-45.1
170.1,-45.1
170.2,-45.1
170.3,-45.1
170.4,-45.1
170.5,-45.1
170.6,-45.1
170.7,-45.1
170.8,-45.1
170.9,-45.1
171.0,-45.1
171.1,-45.1
171.2,-45.1
171.3,-45.1
166.7,-45.2
166.8,-45.2
166.9,-45.2
167.0,-45.2
167.1,-45.2
167.2,-45.2
167.3,-45.2
167.4,-45.2
167.5,-45.2
167.6,-45.2
167.7,-45.2
167.8,-45.2
167.9,-45.2
168.0,-45.2
168.1,-45.2
168.2,-45.2
168.3,-45.2
168.4,-45.2
168.5,-45.2
168.6,-45.2
168.7,-45.2
168.8,-45.2
168.9,-45.2
169.0,-45.2
169.1,-45.2
169.2,-45.2
169.3,-45.2
169.4,-45.2
169.5,-45.2
169.6,-45.2
169.7,-45.2
169.8,-45.2
169.9,-45.2
170.0,-45.2
170.1,-45.2
170.2,-45.2
170.3,-45.2
170.4,-45.2
170.5,-45.2
170.6,-45.2
170.7,-45.2
170.8,-45.2
170.9,-45.2
171.0,-45.2
171.1,-45.2
171.2,-45.2
166.6,-45.3
166.7,-45.3
166.8,-45.3
166.9,-45.3
167.0,-45.3
167.1,-45.3
167.2,-45.3
167.3,-45.3
167.4,-45.3
167.5,-45.3
167.6,-45.3
167.7,-45.3
167.8,-45.3
167.9,-45.3
168.0,-45.3
168.1,-45.3
168.2,-45.3
168.3,-45.3
168.4,-45.3
168.5,-45.3
168.6,-45.3
168.7,-45.3
168.8,-45.3
168.9,-45.3
169.0,-45.3
169.1,-45.3
169.2,-45.3
169.3,-45.3
169.4,-45.3
169.5,-45.3
169.6,-45.3
169.7,-45.3
169.8,-45.3
169.9,-45.3
170.0,-45.3
170.1,-45.3
170.2,-45.3
170.3,-45.3
170.4,-45.3
170.5,-45.3
170.6,-45.3
170.7,-45.3
170.8,-45.3
170.9,-45.3
171.0,-45.3
171.1,-45.3
166.5,-45.4
166.6,-45.4
166.7,-45.4
166.8,-45.4
166.9,-45.4
167.0,-45.4
167.1,-45.4
167.2,-45.4
167.3,-45.4
167.4,-45.4
167.5,-45.4
167.6,-45.4
167.7,-45.4
167.8,-45.4
167.9,-45.4
168.0,-45.4
168.1,-45.4
168.2,-45.4
168.3,-45.4
168.4,-45.4
168.5,-45.4
168.6,-45.4
168.7,-45.4
168.8,-45.4
168.9,-45.4
169.0,-45.4
169.1,-45.4
169.2,-45.4
169.3,-45.4
169.4,-45.4
169.5,-45.4
169.6,-45.4
169.7,-45.4
169.8,-45.4
169.9,-45.4
170.0,-45.4
170.1,-45.4
170.2,-45.4
170.3,-45.4
170.4,-45.4
170.5,-45.4
170.6,-45.4
170.7,-45.4
170.8,-45.4
170.9,-45.4
171.0,-45.4
171.1,-45.4
166.4,-45.5
166.5,-45.5
166.6,-45.5
166.7,-45.5
166.8,-45.5
166.9,-45.5
167.0,-45.5
167.1,-45.5
167.2,-45.5
167.3,-45.5
167.4,-45.5
167.5,-45.5
167.6,-45.5
167.7,-45.5
167.8,-45.5
167.9,-45.5
168.0,-45.5
168.1,-45.5
168.2,-45.5
168.3,-45.5
168.4,-45.5
168.5,-45.5
168.6,-45.5
168.7,-45.5
168.8,-45.5
168.9,-45.5
169.0,-45.5
169.1,-45.5
169.2,-45.5
169.3,-45.5
169.4,-45.5
169.5,-45.5
169.6,-45.5
169.7,-45.5
169.8,-45.5
169.9,-45.5
170.0,-45.5
170.1,-45.5
170.2,-45.5
170.3,-45.5
170.4,-45.5
170.5,-45.5
170.6,-45.5
170.7,-45.5
170.8,-45.5
170.9,-45.5
171.0,-45.5
166.3,-45.6
166.4,-45.6
166.5,-45.6
166.6,-45.6
166.7,-45.6
166.8,-45.6
166.9,-45.6
167.0,-45.6
167.1,-45.6
167.2,-45.6
167.3,-45.6
167.4,-45.6
167.5,-45.6
167.6,-45.6
167.7,-45.6
167.8,-45.6
167.9,-45.6
168.0,-45.6
168.1,-45.6
168.2,-45.6
168.3,-45.6
168.4,-45.6
168.5,-45.6
168.6,-45.6
168.7,-45.6
168.8,-45.6
168.9,-45.6
169.0,-45.6
169.1,-45.6
169.2,-45.6
169.3,-45.6
169.4,-45.6
169.5,-45.6
169.6,-45.6
169.7,-45.6
169.8,-45.6
169.9,-45.6
170.0,-45.6
170.1,-45.6
170.2,-45.6
170.3,-45.6
170.4,-45.6
170.5,-45.6
170.6,-45.6
170.7,-45.6
170.8,-45.6
170.9,-45.6
171.0,-45.6
166.2,-45.7
166.3,-45.7
166.4,-45.7
166.5,-45.7
166.6,-45.7
166.7,-45.7
166.8,-45.7
166.9,-45.7
167.0,-45.7
167.1,-45.7
167.2,-45.7
167.3,-45.7
167.4,-45.7
167.5,-45.7
167.6,-45.7
167.7,-45.7
167.8,-45.7
167.9,-45.7
168.0,-45.7
168.1,-45.7
168.2,-45.7
168.3,-45.7
168.4,-45.7
168.5,-45.7
168.6,-45.7
168.7,-45.7
168.8,-45.7
168.9,-45.7
169.0,-45.7
169.1,-45.7
169.2,-45.7
169.3,-45.7
169.4,-45.7
169.5,-45.7
169.6,-45.7
169.7,-45.7
169.8,-45.7
169.9,-45.7
170.0,-45.7
170.1,-45.7
170.2,-45.7
170.3,-45.7
170.4,-45.7
170.5,-45.7
170.6,-45.7
170.7,-45.7
170.8,-45.7
170.9,-45.7
166.2,-45.8
166.3,-45.8
166.4,-45.8
166.5,-45.8
166.6,-45.8
166.7,-45.8
166.8,-45.8
166.9,-45.8
167.0,-45.8
167.1,-45.8
167.2,-45.8
167.3,-45.8
167.4,-45.8
167.5,-45.8
167.6,-45.8
167.7,-45.8
167.8,-45.8
167.9,-45.8
168.0,-45.8
168.1,-45.8
168.2,-45.8
168.3,-45.8
168.4,-45.8
168.5,-45.8
168.6,-45.8
168.7,-45.8
168.8,-45.8
168.9,-45.8
169.0,-45.8
169.1,-45.8
169.2,-45.8
169.3,-45.8
169.4,-45.8
169.5,-45.8
169.6,-45.8
169.7,-45.8
169.8,-45.8
169.9,-45.8
170.0,-45.8
170.1,-45.8
170.2,-45.8
170.3,-45.8
170.4,-45.8
170.5,-45.8
170.6,-45.8
170.7,-45.8
170.8,-45.8
170.9,-45.8
171.0,-45.8
166.2,-45.9
166.3,-45.9
166.4,-45.9
166.5,-45.9
166.6,-45.9
166.7,-45.9
166.8,-45.9
166.9,-45.9
167.0,-45.9
167.1,-45.9
167.2,-45.9
167.3,-45.9
167.4,-45.9
167.5,-45.9
167.6,-45.9
167.7,-45.9
167.8,-45.9
167.9,-45.9
168.0,-45.9
168.1,-45.9
168.2,-45.9
168.3,-45.9
168.4,-45.9
168.5,-45.9
168.6,-45.9
168.7,-45.9
168.8,-45.9
168.9,-45.9
169.0,-45.9
169.1,-45.9
169.2,-45.9
169.3,-45.9
169.4,-45.9
169.5,-45.9
169.6,-45.9
169.7,-45.9
169.8,-45.9
169.9,-45.9
170.0,-45.9
170.1,-45.9
170.2,-45.9
170.3,-45.9
170.4,-45.9
170.5,-45.9
170.6,-45.9
170.7,-45.9
170.8,-45.9
170.9,-45.9
171.0,-45.9
166.2,-46.0
166.3,-46.0
166.4,-46.0
166.5,-46.0
166.6,-46.0
166.7,-46.0
166.8,-46.0
166.9,-46.0
167.0,-46.0
167.1,-46.0
167.2,-46.0
167.3,-46.0
167.4,-46.0
167.5,-46.0
167.6,-46.0
167.7,-46.0
167.8,-46.0
167.9,-46.0
168.0,-46.0
168.1,-46.0
168.2,-46.0
168.3,-46.0
168.4,-46.0
168.5,-46.0
168.6,-46.0
168.7,-46.0
168.8,-46.0
168.9,-46.0
169.0,-46.0
169.1,-46.0
169.2,-46.0
169.3,-46.0
169.4,-46.0
169.5,-46.0
169.6,-46.0
169.7,-46.0
169.8,-46.0
169.9,-46.0
170.0,-46.0
170.1,-46.0
170.2,-46.0
170.3,-46.0
170.4,-46.0
170.5,-46.0
170.6,-46.0
170.7,-46.0
170.8,-46.0
170.9,-46.0
166.3,-46.1
166.4,-46.1
166.5,-46.1
166.6,-46.1
166.7,-46.1
166.8,-46.1
166.9,-46.1
167.0,-46.1
167.1,-46.1
167.2,-46.1
167.3,-46.1
167.4,-46.1
167.5,-46.1
167.6,-46.1
167.7,-46.1
167.8,-46.1
167.9,-46.1
168.0,-46.1
168.1,-46.1
168.2,-46.1
168.3,-46.1
168.4,-46.1
168.5,-46.1
168.6,-46.1
168.7,-46.1
168.8,-46.1
168.9,-46.1
169.0,-46.1
169.1,-46.1
169.2,-46.1
169.3,-46.1
169.4,-46.1
169.5,-46.1
169.6,-46.1
169.7,-46.1
169.8,-46.1
169.9,-46.1
170.0,-46.1
170.1,-46.1
170.2,-46.1
170.3,-46.1
170.4,-46.1
170.5,-46.1
166.4,-46.2
166.5,-46.2
166.6,-46.2
166.7,-46.2
166.8,-46.2
166.9,-46.2
167.0,-46.2
167.1,-46.2
167.2,-46.2
167.3,-46.2
167.4,-46.2
167.5,-46.2
167.6,-46.2
167.7,-46.2
167.8,-46.2
167.9,-46.2
168.0,-46.2
168.1,-46.2
168.2,-46.2
168.3,-46.2
168.4,-46.2
168.5,-46.2
168.6,-46.2
168.7,-46.2
168.8,-46.2
168.9,-46.2
169.0,-46.2
169.1,-46.2
169.2,-46.2
169.3,-46.2
169.4,-46.2
169.5,-46.2
169.6,-46.2
169.7,-46.2
169.8,-46.2
169.9,-46.2
170.0,-46.2
170.1,-46.2
170.2,-46.2
170.3,-46.2
170.4,-46.2
166.5,-46.3
166.6,-46.3
166.7,-46.3
166.8,-46.3
166.9,-46.3
167.0,-46.3
167.1,-46.3
167.2,-46.3
167.3,-46.3
167.4,-46.3
167.5,-46.3
167.6,-46.3
167.7,-46.3
167.8,-46.3
167.9,-46.3
168.0,-46.3
168.1,-46.3
168.2,-46.3
168.3,-46.3
168.4,-46.3
168.5,-46.3
168.6,-46.3
168.7,-46.3
168.8,-46.3
168.9,-46.3
169.0,-46.3
169.1,-46.3
169.2,-46.3
169.3,-46.3
169.4,-46.3
169.5,-46.3
169.6,-46.3
169.7,-46.3
169.8,-46.3
169.9,-46.3
170.0,-46.3
170.1,-46.3
170.2,-46.3
170.3,-46.3
166.7,-46.4
166.8,-46.4
166.9,-46.4
167.0,-46.4
167.1,-46.4
167.2,-46.4
167.3,-46.4
167.4,-46.4
167.5,-46.4
167.6,-46.4
167.7,-46.4
167.8,-46.4
167.9,-46.4
168.0,-46.4
168.1,-46.4
168.2,-46.4
168.3,-46.4
168.4,-46.4
168.5,-46.4
168.6,-46.4
168.7,-46.4
168.8,-46.4
168.9,-46.4
169.0,-46.4
169.1,-46.4
169.2,-46.4
169.3,-46.4
169.4,-46.4
169.5,-46.4
169.6,-46.4
169.7,-46.4
169.8,-46.4
169.9,-46.4
170.0,-46.4
170.1,-46.4
166.7,-46.5
166.8,-46.5
166.9,-46.5
167.0,-46.5
167.1,-46.5
167.6,-46.5
167.7,-46.5
167.8,-46.5
167.9,-46.5
168.0,-46.5
168.1,-46.5
168.2,-46.5
168.3,-46.5
168.4,-46.5
168.5,-46.5
168.6,-46.5
168.7,-46.5
168.8,-46.5
168.9,-46.5
169.0,-46.5
169.1,-46.5
169.2,-46.5
169.3,-46.5
169.4,-46.5
169.5,-46.5
169.6,-46.5
169.7,-46.5
169.8,-46.5
169.9,-46.5
170.0,-46.5
166.6,-46.6
166.7,-46.6
166.8,-46.6
166.9,-46.6
167.0,-46.6
167.1,-46.6
167.5,-46.6
167.6,-46.6
167.7,-46.6
167.8,-46.6
167.9,-46.6
168.0,-46.6
168.1,-46.6
168.2,-46.6
168.3,-46.6
168.4,-46.6
168.5,-46.6
168.6,-46.6
168.7,-46.6
168.8,-46.6
168.9,-46.6
169.0,-46.6
169.1,-46.6
169.2,-46.6
169.3,-46.6
169.4,-46.6
169.5,-46.6
169.6,-46.6
169.7,-46.6
169.8,-46.6
169.9,-46.6
166.7,-46.7
166.8,-46.7
166.9,-46.7
167.0,-46.7
167.1,-46.7
167.4,-46.7
167.5,-46.7
167.6,-46.7
167.7,-46.7
167.8,-46.7
167.9,-46.7
168.0,-46.7
168.1,-46.7
168.2,-46.7
168.3,-46.7
168.4,-46.7
168.5,-46.7
168.6,-46.7
168.7,-46.7
168.8,-46.7
168.9,-46.7
169.0,-46.7
169.1,-46.7
169.2,-46.7
169.3,-46.7
169.4,-46.7
169.5,-46.7
169.6,-46.7
169.7,-46.7
167.4,-46.8
167.5,-46.8
167.6,-46.8
167.7,-46.8
167.8,-46.8
167.9,-46.8
168.0,-46.8
168.1,-46.8
168.2,-46.8
168.3,-46.8
168.4,-46.8
168.5,-46.8
168.6,-46.8
168.7,-46.8
168.8,-46.8
168.9,-46.8
169.0,-46.8
169.1,-46.8
169.2,-46.8
169.3,-46.8
169.4,-46.8
167.5,-46.9
167.6,-46.9
167.7,-46.9
167.8,-46.9
167.9,-46.9
168.0,-46.9
168.1,-46.9
168.2,-46.9
168.3,-46.9
168.4,-46.9
168.5,-46.9
168.6,-46.9
168.7,-46.9
167.3,-47.0
167.4,-47.0
167.5,-47.0
167.6,-47.0
167.7,-47.0
167.8,-47.0
167.9,-47.0
168.0,-47.0
168.1,-47.0
168.2,-47.0
168.3,-47.0
168.4,-47.0
167.2,-47.1
167.3,-47.1
167.4,-47.1
167.5,-47.1
167.6,-47.1
167.7,-47.1
167.8,-47.1
167.9,-47.1
168.0,-47.1
168.1,-47.1
168.2,-47.1
168.3,-47.1
168.4,-47.1
167.1,-47.2
167.2,-47.2
167.3,-47.2
167.4,-47.2
167.5,-47.2
167.6,-47.2
167.7,-47.2
167.8,-47.2
167.9,-47.2
168.0,-47.2
168.1,-47.2
168.2,-47.2
168.3,-47.2
168.4,-47.2
167.1,-47.3
167.2,-47.3
167.3,-47.3
167.4,-47.3
167.5,-47.3
167.6,-47.3
167.7,-47.3
167.8,-47.3
167.9,-47.3
168.0,-47.3
168.1,-47.3
168.2,-47.3
167.3,-47.4
167.4,-47.4
167.5,-47.4
167.6,-47.4
167.7,-47.4
167.8,-47.4
